{"_runtime":8.984889034,"_step":0,"final_f1":0.6958058973373065,"_timestamp":1.7308742872890463e+09,"_wandb":{"runtime":8}}