{"_runtime":53.949868368,"train_loss":0.9408591534640338,"train_f1":0.9065930480757134,"_timestamp":1.7308661607217875e+09,"fold":2,"val_f1":0.7300512771730514,"_step":21,"epoch":10,"_wandb":{"runtime":53}}