{"_runtime":9.775053537,"_step":0,"_wandb":{"runtime":9},"final_f1":0.6608017900603071,"_timestamp":1.730870855572592e+09}