{"_timestamp":1.7308741689419305e+09,"_wandb":{"runtime":20},"_runtime":20.500112183,"_step":0,"final_f1":0.7190092219687944}