{"_timestamp":1.7308742137844355e+09,"_wandb":{"runtime":23},"_runtime":23.212629516,"_step":0,"final_f1":0.7234094651989251}