{"_wandb":{"runtime":2},"final_f1":0.6910790881609647,"_timestamp":1.7308742500346844e+09,"_runtime":2.579717918,"_step":0}