{"_step":0,"_wandb":{"runtime":10},"final_f1":0.6633122507241749,"_timestamp":1.7308695030114102e+09,"_runtime":10.903369449}