{"train_loss":0.9408591534640338,"epoch":10,"_runtime":56.763045355,"_timestamp":1.7308670042415042e+09,"_step":21,"val_f1":0.7300512771730514,"fold":2,"_wandb":{"runtime":56},"train_f1":0.9065930480757134}