{"_step":0,"_wandb":{"runtime":22},"final_f1":0.6601286697995765,"_timestamp":1.730871612375395e+09,"_runtime":22.684053205}