{"_timestamp":1.7308693632731912e+09,"_runtime":9.305574845,"_step":0,"_wandb":{"runtime":9},"final_f1":0.6601755522081286}