{"Train loss":0.3837799094617367,"Train F1-score":0.6268575401471246,"_runtime":103.135609327,"_step":33,"Epoch":34,"Test F1-score":0.46446782024442224,"_timestamp":1.7309029725870085e+09,"_wandb":{"runtime":103},"Test loss":0.4880228905301345}