{"_timestamp":1.7308695805431798e+09,"_runtime":10.393604632,"_step":0,"_wandb":{"runtime":10},"final_f1":0.6608017900603071}