{"_runtime":54.243110816,"train_f1":0.8782985073617509,"_step":21,"fold":2,"_wandb":{"runtime":54},"_timestamp":1.7308660333555152e+09,"train_loss":0.35846600661406647,"epoch":10,"val_f1":0.7273762226599582}