{"_runtime":20.383242563,"_step":0,"_wandb":{"runtime":20},"final_f1":0.7234094651989251,"_timestamp":1.7308740320339062e+09}