{"_step":0,"final_f1":0.6601755522081286,"_timestamp":1.7308689923711784e+09,"_wandb":{"runtime":9},"_runtime":9.617382787}