{"Train F1-score":0.8667041845479297,"_step":9,"Test loss":0.46278797168480723,"_timestamp":1.730901451402472e+09,"_runtime":39.224291334,"Train loss":0.3689271514969213,"Epoch":10,"Test F1-score":0.7296673082715606,"_wandb":{"runtime":39}}