{"_wandb":{"runtime":12},"final_f1":0.8448877262240151,"_timestamp":1.730868140291068e+09,"_runtime":12.373652222,"_step":0}