{"_step":0,"_wandb":{"runtime":20},"final_f1":0.6595930641561133,"_timestamp":1.7308720608262696e+09,"_runtime":20.397065095}