{"val_f1":0.7300512771730514,"fold":2,"_step":21,"epoch":10,"train_loss":0.9408591534640338,"_runtime":56.014439749,"_timestamp":1.730867435605262e+09,"_wandb":{"runtime":56},"train_f1":0.9065930480757134}