{"_step":0,"_wandb":{"runtime":20},"final_f1":0.6601286697995765,"_timestamp":1.7308714849992974e+09,"_runtime":20.306873813}