{"Test loss":0.010800908050058703,"_timestamp":1.730901212538905e+09,"_runtime":34.057151778,"Epoch":10,"Train F1-score":0.33455743879472694,"Train loss":0.006542205436354769,"_wandb":{"runtime":34},"_step":9,"Test F1-score":0.43019598354706023}