{"_timestamp":1.7308737344183662e+09,"_runtime":21.130672886,"_step":0,"_wandb":{"runtime":21},"final_f1":0.7243987680130219}