{"_timestamp":1.7308739124886737e+09,"_runtime":22.998700243000002,"_step":0,"_wandb":{"runtime":22},"final_f1":0.7234094651989251}