{"_wandb":{"runtime":8},"final_f1":0.7169257241712788,"_timestamp":1.73087413083317e+09,"_runtime":8.230558289,"_step":0}